frame,ponto,x_m,y_m
234,1,-0.078146,0.386447
234,2,0.069715,0.381067
234,3,0.000380,0.000035
234,4,0.084056,0.004970
234,5,-0.003477,-0.046264
234,6,0.064449,-0.067460
234,7,-0.067107,-0.412356
234,8,-0.028615,-0.411334
234,9,0.010899,-0.415762
234,10,-0.081579,-0.508887
234,11,0.128059,-0.512169
307,1,-0.096598,0.361130
307,2,0.045186,0.368099
307,3,0.025422,-0.010538
307,4,0.100385,0.010706
307,5,0.030582,-0.060615
307,6,0.100689,-0.063650
307,7,0.064449,-0.431417
307,8,0.102506,-0.418892
307,9,0.140082,-0.413111
307,10,0.076024,-0.527587
307,11,0.276455,-0.470734
390,1,-0.092092,0.369497
390,2,0.059443,0.364994
390,3,-0.006151,-0.003193
390,4,0.087942,-0.021160
390,5,-0.017371,-0.039370
390,6,0.039383,-0.092178
390,7,-0.279894,-0.307356
390,8,-0.252276,-0.321620
390,9,-0.217070,-0.348328
390,10,-0.350911,-0.384140
390,11,-0.164262,-0.499468
423,1,-0.084368,0.364992
423,2,0.064305,0.358922
423,3,0.005695,0.010403
423,4,0.101903,-0.032390
423,5,-0.005007,0.000303
423,6,0.021836,-0.086645
423,7,-0.359654,0.000097
423,8,-0.347216,-0.035323
423,9,-0.354246,-0.075069
423,10,-0.461318,0.013346
423,11,-0.481342,-0.202402
456,1,-0.055404,0.367781
456,2,0.090948,0.353055
456,3,0.026919,0.021650
456,4,0.113090,-0.042424
456,5,0.029978,0.010953
456,6,0.017711,-0.072400
456,7,-0.251153,0.209797
456,8,-0.267954,0.181360
456,9,-0.293245,0.148842
456,10,-0.321909,0.280117
456,11,-0.480643,0.126200
561,1,-0.047680,0.402324
561,2,0.081961,0.370923
561,3,0.061252,0.027057
561,4,0.131913,-0.038073
561,5,0.061220,0.026248
561,6,0.013809,-0.047533
561,7,-0.122496,0.315720
561,8,-0.138852,0.285733
561,9,-0.185196,0.271421
561,10,-0.149757,0.399547
561,11,-0.363074,0.346388
